0,0,762,790
617.9827161635662,689.3307669741318,1.4675140425788975,1.0,1.0,1.0
662.6108490307714,81.56172641235109,1.8325210213663192,1.0,1.0,1.0
580.3491767564879,606.8665908375998,3.2348228635328775,1.0,1.0,1.0
223.39781349676346,2.2343300570621594,3.0645329625312296,1.0,1.0,1.0
252.84275439017517,64.13644170020822,1.9923278367726058,1.0,1.0,1.0
651.8478267066498,150.65015246268024,0.8578579831258213,1.0,1.0,1.0
657.1569966981039,544.0078360275647,1.101888106791733,1.0,1.0,1.0
177.36318359437558,564.3278820659891,2.034284343318957,1.0,1.0,1.0
445.2511097821353,504.90497206917854,1.2537589330544308,0.592156862745098,0.01568627450980392,0.01568627450980392
44.45645581942443,474.30145252633747,1.0517211922220173,1.0,1.0,1.0
599.9424448033566,775.2873444256177,3.4676753108334144,1.0,1.0,1.0
426.5537467312291,629.2652987796304,3.275429425528678,1.0,1.0,1.0
39.91188575112598,606.1011826153288,1.840174600184404,1.0,1.0,1.0
221.46139758200297,20.127483214866565,2.171328638131541,1.0,1.0,1.0
109.80375846170212,326.9609421801838,3.220558304126542,1.0,1.0,1.0
602.9800868017644,85.25686166349266,1.17653998251597,1.0,1.0,1.0
706.1197653679735,80.76929764636326,3.4255379376988317,1.0,1.0,1.0
366.23437955745476,510.9552002678557,2.371651593297549,0.984313725490196,0.9529411764705882,0.9529411764705882
341.7695168788054,146.06400482800774,2.3195541110508655,1.0,1.0,1.0
566.1892839745298,635.7476302775957,3.545521092161872,1.0,1.0,1.0
704.7307866158475,25.69966667641809,3.7999934526399577,1.0,1.0,1.0
396.31175197458697,552.1450396499324,1.5551390281306734,1.0,1.0,1.0
39.81214311117038,529.6567003219923,0.7743911570150506,1.0,1.0,1.0
656.7207106176936,402.6449881856334,3.451727866953017,1.0,1.0,1.0
556.5473907230281,135.33120404551318,1.410087471187242,1.0,1.0,1.0
572.0386355898528,690.4892404480818,3.7474379355698098,1.0,1.0,1.0
388.4079752068671,517.7984426536082,1.9060593558466543,1.0,1.0,1.0
704.4518719612322,63.46258551941375,2.8055653849712248,1.0,1.0,1.0
412.1682204478506,173.51697944011744,1.2476988686864738,1.0,1.0,1.0
129.91893540800513,218.52206161699795,1.3510377387171948,1.0,1.0,1.0
323.7502336657111,215.77009884025165,2.164397837351257,1.0,1.0,1.0
58.27124136942593,520.1790768891503,1.0762282008541388,1.0,1.0,1.0
397.3790186466189,406.6209573671937,2.9823634511041037,0.9882352941176471,0.9686274509803922,0.9686274509803922
675.8140486764582,722.4752684973191,2.125129816562146,1.0,1.0,1.0
726.4755927637502,208.78861564272077,2.5780214265515657,1.0,1.0,1.0
283.2193248601088,671.6953463254839,2.1286787915886927,1.0,1.0,1.0
136.05323555894134,308.220585423978,2.754971503211827,1.0,1.0,1.0
729.388439465696,641.2531547571493,2.618600577633586,1.0,1.0,1.0
325.5336457829393,642.7538789386239,2.9152804926854095,1.0,1.0,1.0
166.52519340864947,780.0858907499462,2.3804440333695007,1.0,1.0,1.0
76.68459191519705,0.4779439476615277,1.5811547773378258,1.0,1.0,1.0
425.0399647842023,443.84287757074264,2.0377907159458526,0.592156862745098,0.01568627450980392,0.01568627450980392
705.2421545124196,652.2159261349841,2.1353589275890172,1.0,1.0,1.0
306.4158386909725,754.5612423871928,3.779384976138989,1.0,1.0,1.0
110.60632545593195,295.745399279036,2.140566025718736,1.0,1.0,1.0
375.75538956846054,505.0876845089539,3.52718285033717,1.0,1.0,1.0
623.9202839879255,367.41429969883694,0.895366963593387,1.0,1.0,1.0
512.7815012116441,684.0703045980132,1.1984175169740117,1.0,1.0,1.0
690.5003694795432,371.74954567221175,1.0655993231936498,1.0,1.0,1.0
216.38609039630353,373.2334029057512,2.2493001232440717,1.0,1.0,1.0
473.72115043554186,72.21086897026635,1.1757392478668223,1.0,1.0,1.0
186.68517035560274,385.7440147550618,1.5007251943378432,1.0,1.0,1.0
447.00720949253633,100.19143993194453,2.6795266936105695,1.0,1.0,1.0
91.47749325299498,386.3684986472913,3.185052903086842,1.0,1.0,1.0
508.1649385170468,169.93250132043775,0.8916706105350287,1.0,1.0,1.0
283.05192732021936,58.725014500450584,3.511069604824241,1.0,1.0,1.0
618.4366404842654,340.9558064201328,2.5411984713586797,1.0,1.0,1.0
672.4874366037325,728.6942719686915,1.6160249503647317,1.0,1.0,1.0
189.39989738445453,193.0414179391442,3.015369015985948,1.0,1.0,1.0
216.94638276060124,208.4702158052928,1.797184074252438,0.9803921568627451,0.9803921568627451,0.9803921568627451
575.3170175894076,248.89681030044147,2.671051064212786,0.08235294117647059,0.06274509803921569,0.06274509803921569
636.565399043861,260.8298173702652,1.6858073269653726,1.0,1.0,1.0
266.2962897799465,418.6697240497877,0.9227521978072687,0.592156862745098,0.01568627450980392,0.01568627450980392
409.2893468049101,346.5390188205767,3.077410728112243,0.7529411764705882,0.40784313725490196,0.40784313725490196
286.1028092838654,686.2811036033784,2.7930557128140574,1.0,1.0,1.0
512.8297342950113,637.051358315172,3.790373915851219,1.0,1.0,1.0
731.5814886602501,428.5753069143774,1.2509836345206153,1.0,1.0,1.0
541.5250614579485,447.3940843201925,1.543312145407566,1.0,1.0,1.0
383.91297163981744,708.1166738124329,2.0323768537872064,1.0,1.0,1.0
162.67363776552244,107.62804117735759,0.7847599362987254,1.0,1.0,1.0
732.9261016497637,566.8488594058556,3.6443107266857324,1.0,1.0,1.0
380.7094124001818,452.54788215216865,1.438341482042041,0.592156862745098,0.01568627450980392,0.01568627450980392
284.114805018243,457.6235111509972,3.2766361571329057,1.0,1.0,1.0
435.11555783771513,175.58482408418908,1.1870559003832708,1.0,1.0,1.0
183.41195855364904,300.0967797182624,1.4253174512800522,1.0,1.0,1.0
23.84407504151412,630.9761064775504,2.2683090737969778,1.0,1.0,1.0
751.8507454213028,508.899585582422,2.2618465239985,1.0,1.0,1.0
624.6464223734502,175.85999792754757,2.535479744479033,1.0,1.0,1.0
97.36512368617707,697.0455143467442,0.9784157897843685,1.0,1.0,1.0
408.8771428221841,646.4460567130485,1.7777849100518508,1.0,1.0,1.0
38.837690455651106,266.24867247520973,3.4288266212144927,1.0,1.0,1.0
53.27941152754487,416.0407848232514,2.406688769005371,1.0,1.0,1.0
485.6201912912434,785.9483448884572,1.7335490061586167,1.0,1.0,1.0
517.6704588794269,14.184881551225066,2.5379915681664516,1.0,1.0,1.0
410.7031393079951,62.65187417694266,1.4382745671665478,1.0,1.0,1.0
614.8373508994257,67.42983958584527,0.9701079199575401,1.0,1.0,1.0
275.1245442201726,562.7668410810631,3.552863218295936,0.592156862745098,0.01568627450980392,0.01568627450980392
59.69067922922774,683.5159592109381,2.1389829688121775,1.0,1.0,1.0
75.5324031989113,448.7637831309113,3.4019633471141804,1.0,1.0,1.0
327.82673364413125,569.2167851627091,2.7018924107439855,0.592156862745098,0.01568627450980392,0.01568627450980392
82.47806337362742,215.57050505278943,1.3958735375412037,1.0,1.0,1.0
139.67507558539978,779.5906674293824,3.16969270002807,1.0,1.0,1.0
368.1554338081031,57.49835138184599,1.453440681867248,1.0,1.0,1.0
564.1739843124251,76.75614075294251,2.2984629037182795,1.0,1.0,1.0
229.55453745835712,683.3199353468385,2.7434032954005794,1.0,1.0,1.0
110.67653555694753,139.13233238685024,2.253094720567911,1.0,1.0,1.0
61.565492847761995,307.86071010117865,3.4578279274428634,1.0,1.0,1.0
368.11693814560476,239.4951895323873,2.236655712573268,1.0,1.0,1.0
27.516220449077572,77.26555486351121,1.2907494374857496,1.0,1.0,1.0
84.9426778907622,231.94967943148316,3.3703228739678863,1.0,1.0,1.0
717.902489040933,245.3833065769869,0.9214597752460023,1.0,1.0,1.0
243.38559573597854,399.3880762815415,3.3228170570616213,0.592156862745098,0.01568627450980392,0.01568627450980392
660.6389194757832,663.2619327172074,3.365942349048179,1.0,1.0,1.0
496.4993677516442,77.66679648356505,1.2124941408526824,1.0,1.0,1.0
630.0941519699411,101.47192575642663,3.341292594092616,1.0,1.0,1.0
655.6485615457023,655.71219361614,2.4249425043243145,1.0,1.0,1.0
603.3192553257329,178.8255871083697,3.7390451570111853,1.0,1.0,1.0
20.667111742454036,786.2381193597497,1.0837562340399425,1.0,1.0,1.0
639.8546475405976,19.198583912847152,3.169442691150639,1.0,1.0,1.0
276.257750686953,192.6663672357726,3.804277519283422,1.0,1.0,1.0
583.6457031567975,432.7684886467579,3.5151535096568023,1.0,1.0,1.0
758.810213901277,393.5956864530669,1.4569178975687094,1.0,1.0,1.0
519.1431538519603,755.370576733357,3.095036022899049,1.0,1.0,1.0
187.47143195628624,615.5121493322492,2.1293785063065167,1.0,1.0,1.0
630.2207560816765,460.27163031699644,3.6427263952803695,1.0,1.0,1.0
543.6225114429548,192.79147932974212,1.257847927326358,0.42745098039215684,0.4196078431372549,0.4196078431372549
312.0225616292294,15.424903505283979,0.9844229968451721,1.0,1.0,1.0
185.98753641957725,199.71077716684462,3.6739385779266946,0.9490196078431372,0.9450980392156862,0.9450980392156862
536.0532584148391,157.07869690808178,0.9393803872010922,1.0,1.0,1.0
206.27209908575153,71.39860934165303,3.3389598700186314,1.0,1.0,1.0
185.81236160529124,20.650459093362187,1.3007602933539868,1.0,1.0,1.0
77.4096741951401,758.6834507359898,1.3247923371450032,1.0,1.0,1.0
69.06818890886665,386.969993841236,2.661644874641051,1.0,1.0,1.0
105.94435246996429,583.0505186735069,3.6833338163610496,1.0,1.0,1.0
314.60370560782525,720.9777488124803,1.3471272077608654,1.0,1.0,1.0
28.87678128583191,299.165638753951,2.2967098713276934,1.0,1.0,1.0
538.8620123138691,731.8672648070742,0.9706976587931276,1.0,1.0,1.0
10.933417195124932,423.0419045883615,1.3982184222277343,1.0,1.0,1.0
132.51400842415174,152.3750763984608,3.59820460018331,1.0,1.0,1.0
485.8938810453987,55.91657163660332,2.211202150181072,1.0,1.0,1.0
258.6587989290478,587.6917280390949,2.18670843647716,0.592156862745098,0.01568627450980392,0.01568627450980392
65.85251099737941,737.0601065107328,3.5054002716017423,1.0,1.0,1.0
703.8917800886701,713.582793394891,3.072800434870411,1.0,1.0,1.0
441.2544734415738,642.6657193460617,2.039622019853443,1.0,1.0,1.0
583.258078158626,166.18272018894157,3.561356046079529,1.0,1.0,1.0
687.6837357425695,244.79876742716735,1.8647585129494482,1.0,1.0,1.0
118.43404024457521,374.21735082215827,1.9294573084935998,1.0,1.0,1.0
523.4823109509235,705.0159143862708,0.793508437496149,1.0,1.0,1.0
158.68282513686313,568.365164366677,1.4434363305892517,1.0,1.0,1.0
729.7997133437134,299.84473637374776,2.9512745456914287,1.0,1.0,1.0
511.23027133610196,593.9223963674831,3.2888515085222694,1.0,1.0,1.0
298.20448689742057,340.86513748255703,2.245864348654676,1.0,1.0,1.0
574.9977799821318,632.5782418421654,3.170096548609592,1.0,1.0,1.0
726.1427764226154,457.5726853887303,3.4894492612183896,1.0,1.0,1.0
83.72313242565312,248.22864504564166,2.879273386254416,1.0,1.0,1.0
263.78116506021377,439.9475499013385,2.4119724223625068,1.0,1.0,1.0
267.46116252214284,706.7018106761411,2.974237304538333,1.0,1.0,1.0
68.38280227699069,15.768577029529139,3.2150932056077357,1.0,1.0,1.0
580.9318427932797,79.16222493986474,1.4680172171071688,1.0,1.0,1.0
215.13676217692188,368.43316144468736,1.2496261772151784,1.0,1.0,1.0
108.59218666719676,418.9505557012682,0.9587373066404873,1.0,1.0,1.0
374.80836951470974,41.95267318721137,2.1328304239266114,1.0,1.0,1.0
243.40984556751192,611.501321981775,1.3541785809993285,0.592156862745098,0.01568627450980392,0.01568627450980392
68.41740735407508,707.3518520140967,1.7428108966225229,1.0,1.0,1.0
650.9095666477484,367.1462129622085,3.7983456990830327,1.0,1.0,1.0
452.7775783451207,285.28993936813555,1.1685365939529364,0.22745098039215686,0.21176470588235294,0.21176470588235294
725.4252058703274,599.0345020373351,2.8816047943865986,1.0,1.0,1.0
579.0766831038193,125.95464557066649,1.2445160522301262,1.0,1.0,1.0
447.8615318445578,561.0800785117409,3.2313594386044446,1.0,1.0,1.0
278.8656393536282,541.1075104813352,0.9141471908799261,0.592156862745098,0.01568627450980392,0.01568627450980392
149.68364844192348,305.28273997541305,3.017415992475462,1.0,1.0,1.0
40.63211726567732,545.6987184670368,0.8897497247862198,1.0,1.0,1.0
621.1042951153551,34.6055021296812,2.8931996435879372,1.0,1.0,1.0
382.31712112537684,354.1496632693064,2.133132252228538,1.0,1.0,1.0
129.20373480543546,11.906070600855813,3.7431082668924147,1.0,1.0,1.0
396.28515987950317,755.7630118824526,2.2582557674132766,1.0,1.0,1.0
523.6127083910241,394.5156363661439,1.457839713051283,1.0,1.0,1.0
722.9434819193788,712.8592250206106,2.2881971872947253,1.0,1.0,1.0
677.791306223071,196.01529660114198,3.6323707437896786,1.0,1.0,1.0
648.6510098461195,744.3443998324262,2.1958096063974386,1.0,1.0,1.0
435.5808144919871,278.8581984570553,1.302922888975274,1.0,1.0,1.0
200.1546707809035,151.52309709314,1.4243184969850653,1.0,1.0,1.0
556.8391555583028,147.26319132727528,1.0200689293850442,1.0,1.0,1.0
674.0395251304152,754.2121860597063,2.490625989227554,1.0,1.0,1.0
27.458152605096352,295.30313635934164,1.7366728861206089,1.0,1.0,1.0
590.7563631620823,275.12723423964366,3.506518116557296,1.0,1.0,1.0
23.58911208348953,222.46729555588456,0.9936116016888867,1.0,1.0,1.0
576.4554855433266,37.451375810080954,2.158062587814629,1.0,1.0,1.0
248.84674189266528,98.11481962885763,2.044384194405586,1.0,1.0,1.0
19.35259596952161,595.1241365154601,1.0390124252409214,1.0,1.0,1.0
468.9494463974872,376.449728103997,3.157073193793334,1.0,1.0,1.0
347.7347377807247,261.4315977918898,3.1349523649995743,1.0,1.0,1.0
665.0735048125504,194.05530312756352,0.854610776262864,1.0,1.0,1.0
166.02845090004294,636.8352687290754,1.5640060094213553,1.0,1.0,1.0
224.40874704011625,596.9571234473212,1.524023247724787,0.592156862745098,0.01568627450980392,0.01568627450980392
516.1812051619453,77.30124147400761,1.1648971931711207,1.0,1.0,1.0
265.6120400826732,420.85682743676017,1.2915816913623985,0.592156862745098,0.01568627450980392,0.01568627450980392
698.3517024330198,615.3027327244814,1.901637917072014,1.0,1.0,1.0
598.4258450824433,516.4040232350163,2.7708765175328103,1.0,1.0,1.0
312.0763313903487,596.8425623689079,3.555501857506757,1.0,1.0,1.0
306.1807383567706,622.1034947997434,3.042378069342568,1.0,1.0,1.0
427.34446220273566,407.95154991254503,2.513079097085949,1.0,1.0,1.0
716.7362523062842,476.86935233474816,2.820094092636046,1.0,1.0,1.0
456.16503648038884,683.5479657405766,2.579617545427479,1.0,1.0,1.0
457.31911445281696,543.5581881932037,0.8731606293652908,1.0,1.0,1.0
429.345337077008,661.4919857085237,2.984032685140193,1.0,1.0,1.0
405.3497575878147,480.09298305810165,0.9371943312716272,0.592156862745098,0.01568627450980392,0.01568627450980392
703.1768009702612,572.0771546492169,1.4369516075167208,1.0,1.0,1.0
151.52061254097862,184.25931670556855,1.3092989892192513,1.0,1.0,1.0
518.1649477821527,78.94061211184322,0.8018535845802311,1.0,1.0,1.0
125.90842085354642,465.14601675950775,3.5312130186032546,1.0,1.0,1.0
454.6732845611994,720.9577270901965,3.6625890563212526,1.0,1.0,1.0
584.8946111317887,748.3347765224238,2.9151340539755752,1.0,1.0,1.0
512.7864887676606,598.2157411107031,1.0956843314998623,1.0,1.0,1.0
263.3065438702723,767.672657551572,2.3877320107185542,1.0,1.0,1.0
299.62881487594365,663.9296248554692,2.4642339562613094,1.0,1.0,1.0
81.36289434183115,296.56741046927135,3.4310405057767834,1.0,1.0,1.0
359.05219479448925,726.3615372863109,1.6005712873160607,1.0,1.0,1.0
761.7561376963812,369.1957666783215,1.131119981511271,1.0,1.0,1.0
397.4131402601614,290.215872689603,3.620501342851268,1.0,1.0,1.0
189.40930581953302,395.52948155537507,2.36690834610894,1.0,1.0,1.0
591.674668489021,632.1100578096828,2.530655166733658,1.0,1.0,1.0
282.54448943669547,12.695699212292933,1.640960551825261,1.0,1.0,1.0
462.85519843192793,353.0918653146769,2.7504484243031624,1.0,1.0,1.0
243.04313982167426,84.30078394113414,2.612318244124885,1.0,1.0,1.0
63.81109821969246,348.1510405852767,0.9036861357873827,1.0,1.0,1.0
137.27757674964099,270.1055819004245,1.2438538525961034,1.0,1.0,1.0
164.6265826382029,572.9501584702259,1.7995860206200769,1.0,1.0,1.0
271.03577385131433,528.0430607701305,1.9386375154004103,0.592156862745098,0.01568627450980392,0.01568627450980392
666.7202389770661,91.60904773858122,2.1142720473478636,1.0,1.0,1.0
465.9440793508202,755.93379796305,1.5990418597903384,1.0,1.0,1.0
399.7355888307959,283.26697548556683,3.252598292579886,1.0,1.0,1.0
354.50823432898085,361.0479709980667,1.4928308589305936,1.0,1.0,1.0
144.92355720343105,394.5638286109318,3.694863503717556,1.0,1.0,1.0
724.7311060376994,440.647571170843,1.9545960220912575,1.0,1.0,1.0
698.5378343942396,477.86961904644494,1.033580050748746,1.0,1.0,1.0
532.7238089817597,268.5731610848808,1.6780447582471796,0.2980392156862745,0.2901960784313726,0.2901960784313726
295.054532251486,215.46055270134897,1.0265017535676115,1.0,1.0,1.0
143.6194951301688,646.6942977319329,2.44296038952745,1.0,1.0,1.0
549.8249319623344,736.2329504070091,2.6303953534426268,1.0,1.0,1.0
640.4556521918781,724.4410666329198,3.2641903820441813,1.0,1.0,1.0
749.2380490548022,154.13899598989687,0.9545760278407228,1.0,1.0,1.0
429.5539590028416,429.0949609532532,2.6312219299105495,1.0,1.0,1.0
26.249996687698907,353.036774593159,3.714410022620683,1.0,1.0,1.0
640.8796774440106,735.9090656410358,1.2328362918494644,1.0,1.0,1.0
177.83488249816585,382.21761251547315,2.548322180757866,1.0,1.0,1.0
553.6608330491716,652.7958085616159,2.0597424524630257,1.0,1.0,1.0
661.2841834459507,425.8700923268914,0.8392286829049094,1.0,1.0,1.0
490.4271492396463,529.9204453997243,3.5796870987419873,0.592156862745098,0.01568627450980392,0.01568627450980392
41.34533790635541,354.52412497629444,1.0795790094250277,1.0,1.0,1.0
134.03241049372335,302.8979907784145,0.8054060454929557,1.0,1.0,1.0
206.08606568732043,782.1085698433156,3.340949816979426,1.0,1.0,1.0
69.9670888348647,190.49425254379446,2.446554769311697,1.0,1.0,1.0
237.59177992290572,612.8586435378454,2.743066185483925,0.592156862745098,0.01568627450980392,0.01568627450980392
182.94257055646827,53.677890854239436,0.9541902023693372,1.0,1.0,1.0
746.7975043615205,378.0585474306931,0.8562677355456385,1.0,1.0,1.0
480.09737824793666,194.02328213314507,2.003206218330116,1.0,1.0,1.0
133.51232636076608,411.23055144798184,3.6733830489602424,1.0,1.0,1.0
662.6553202575017,322.4100284188294,2.2700003578037737,1.0,1.0,1.0
730.182191439332,341.38577279055806,1.5442066472825249,1.0,1.0,1.0
391.05690124007054,399.4230672961222,1.400499042479428,1.0,1.0,1.0
6.847837391037082,667.5096003353382,1.8558955512388378,1.0,1.0,1.0
756.315401824953,120.07558238955431,3.694905071000512,1.0,1.0,1.0
736.4202996490699,615.9470786773079,2.997798476996242,1.0,1.0,1.0
580.2263403160484,488.98789973966564,3.5365816361779903,1.0,1.0,1.0
760.9384049788566,782.3388412096074,2.8819960948137537,1.0,1.0,1.0
481.2906580257083,600.4115625767798,3.3355508344755505,1.0,1.0,1.0
761.9300014002474,23.477143987554776,2.2886944819186783,1.0,1.0,1.0
118.22806233243908,307.6439605624962,1.1503708824776044,1.0,1.0,1.0
450.44629277606225,75.09016555878361,1.621306122796272,1.0,1.0,1.0
444.3595765993193,681.64411080289,1.088518400956577,1.0,1.0,1.0
705.4301596648288,656.8678704914166,1.4042280462099925,1.0,1.0,1.0
403.7208552394509,688.9961503462149,3.596724214545397,1.0,1.0,1.0
664.4196294444716,281.36117121195866,3.599068938631575,1.0,1.0,1.0
679.5369934441447,244.83186549996796,1.8608029882301165,1.0,1.0,1.0
747.6017286518412,499.726783593593,2.1855390453369257,1.0,1.0,1.0
573.3409841969147,759.9310958784608,1.9068068829428144,1.0,1.0,1.0
695.8930712170044,765.3522824515273,2.7257184844285676,1.0,1.0,1.0
376.95026488700137,735.7054862096868,3.4599736205103273,1.0,1.0,1.0
657.8830920593269,161.08960877123303,2.739723193781656,1.0,1.0,1.0
684.5636443331649,66.08621392399921,2.494797110717368,1.0,1.0,1.0
354.9049473745985,664.5148579052083,2.028551957602234,1.0,1.0,1.0
77.52507677014472,78.79005990968966,3.701630317006054,1.0,1.0,1.0
42.18728505098842,744.3803928352925,1.4832812863805658,1.0,1.0,1.0
588.1882948393247,91.82999052064444,1.5731461305185035,1.0,1.0,1.0
129.1857826332421,482.9398090438263,2.200600527290754,1.0,1.0,1.0
142.65416906715188,377.0417276760034,3.42922590130265,1.0,1.0,1.0
616.0812215738426,68.73328107308382,0.8132589936870162,1.0,1.0,1.0
488.557959754448,68.68513302172708,3.4462952670495994,1.0,1.0,1.0
562.337262257128,300.9117746767242,1.6343216339128714,1.0,1.0,1.0
388.3370487947018,562.7415100189346,1.106759143523774,1.0,1.0,1.0
209.01317089356584,411.89143418477715,3.1496450806880336,1.0,1.0,1.0
716.9353677709402,178.55841162802375,2.138387361558685,1.0,1.0,1.0
350.1378173312343,148.60439937673982,1.4462393720124536,1.0,1.0,1.0
98.88050250561463,480.12493697151615,1.881881004141542,1.0,1.0,1.0
550.5710197644081,115.35955859520075,2.979605585369909,1.0,1.0,1.0
363.63975866783284,499.68585225358356,3.7075505490207448,0.592156862745098,0.01568627450980392,0.01568627450980392
117.36359522797645,378.32331897138573,1.6152548409837895,1.0,1.0,1.0
504.54550498350795,365.1811624812029,0.9811388755287822,1.0,1.0,1.0
362.0817229575349,610.8956847093508,2.311689593619028,1.0,1.0,1.0
88.91885287487275,146.3058325199872,1.9501253096819258,1.0,1.0,1.0
20.771385575269086,67.19463499840283,2.8872315021194486,1.0,1.0,1.0
99.18223569845799,54.16694784013002,3.0988730051419027,1.0,1.0,1.0
443.83834009976914,634.7874849200566,1.0781799402145889,1.0,1.0,1.0
428.87741052052525,257.7362658790291,0.9905907997506723,0.11372549019607843,0.09411764705882353,0.09411764705882353
135.80467725508004,503.9429223764745,1.8253053288596615,1.0,1.0,1.0
578.8312550041659,245.54678139488325,1.35554077345565,0.13725490196078433,0.12156862745098039,0.12156862745098039
51.163674445487715,714.6308299142561,3.519015181376902,1.0,1.0,1.0
447.49224244479643,354.4644485600249,1.9352276631205716,0.592156862745098,0.01568627450980392,0.01568627450980392
62.61194371848242,512.4472454698879,2.504109549940398,1.0,1.0,1.0
37.17545928184282,559.9703049223074,1.5107496894830417,1.0,1.0,1.0
462.4099245200495,116.58922862818672,2.4431904618436486,1.0,1.0,1.0
481.6507114495437,496.0684973905422,1.6543915351250253,0.592156862745098,0.01568627450980392,0.01568627450980392
74.28665555161626,716.3998164891055,2.358301237409439,1.0,1.0,1.0
351.7914141032371,350.0679118778999,0.8009936793685776,1.0,1.0,1.0
240.31793899672553,289.31913980714523,2.3927182735597796,1.0,1.0,1.0
756.6203771873127,362.6701905805075,2.7411478542505465,1.0,1.0,1.0
130.82879343761851,109.59248155135445,1.0452419422069374,1.0,1.0,1.0
230.40276998539886,709.9398904214357,2.991575420810132,1.0,1.0,1.0
525.649923511501,715.9047953351776,0.787379197497199,1.0,1.0,1.0
450.18431100570024,165.86465953056663,1.81611568840886,1.0,1.0,1.0
736.5015176728461,123.44419327636957,1.80296028605347,1.0,1.0,1.0
742.7205645512643,225.4164447574266,3.186745289964812,1.0,1.0,1.0
355.26657905590866,49.80939807344276,1.7513148234775844,1.0,1.0,1.0
608.0612907484549,173.22531928304352,2.566594866328085,1.0,1.0,1.0
281.9292426536662,694.5015027786641,2.1708706521906675,1.0,1.0,1.0
428.0538642323559,433.44856093961545,1.6607968041933994,0.9176470588235294,0.8156862745098039,0.8156862745098039
736.599185712074,713.2346100934232,1.7984726646832168,1.0,1.0,1.0
52.93048597794129,735.2385806774055,3.0577463461245253,1.0,1.0,1.0
396.7071932801903,302.20418569149496,2.0708056006078066,1.0,1.0,1.0
234.84752567337867,716.7356783983481,2.819272503316238,1.0,1.0,1.0
251.73187850240274,223.32742723979075,2.423101244561815,1.0,1.0,1.0
298.60708264205374,38.9971856227941,1.0180566523009513,1.0,1.0,1.0
128.0680214390961,161.86332552389746,0.988729224476782,1.0,1.0,1.0
342.3594579276121,429.3921533153568,3.178055015627513,0.592156862745098,0.01568627450980392,0.01568627450980392
309.1354537633875,505.0017494248605,2.5849157461676215,0.592156862745098,0.01568627450980392,0.01568627450980392
264.0363127236382,106.19545619929697,1.7681612807904745,1.0,1.0,1.0
116.15715603635113,785.8810189062688,1.332065852495382,1.0,1.0,1.0
247.1330999710322,593.2917375078994,3.143638088037572,0.592156862745098,0.01568627450980392,0.01568627450980392
684.2481943036304,359.28784334981543,3.0014974367744425,1.0,1.0,1.0
192.8106186186816,180.39165804254998,3.6066464624827526,1.0,1.0,1.0
350.6711739574915,68.79119606616291,1.7379136904528996,1.0,1.0,1.0
294.8983393495209,731.218272027227,2.471823624478716,1.0,1.0,1.0
35.141675565450164,788.3775413313567,0.990091358526523,1.0,1.0,1.0
169.74547325463504,576.3792507431849,2.6942838566920897,1.0,1.0,1.0
702.0356958214812,541.9386394731271,2.36889220101868,1.0,1.0,1.0
654.750318734658,601.0013137775545,3.105267395931206,1.0,1.0,1.0
529.4559546042881,564.5799357206362,2.6830977924778194,1.0,1.0,1.0
499.64321435289645,553.1954622342279,3.621937828652437,1.0,1.0,1.0
302.082885377135,775.1040825862075,2.265591500360154,1.0,1.0,1.0
466.4731895389609,186.0974011195547,2.4104675027316373,1.0,1.0,1.0
222.74818191824184,190.8032912513111,3.5837709827611426,1.0,1.0,1.0
619.6334110484385,175.4884180289393,2.392350292393455,1.0,1.0,1.0
631.2624612636738,77.98788735600078,1.1936920669076396,1.0,1.0,1.0
30.92448575188775,749.9857808950436,3.6222987559363173,1.0,1.0,1.0
360.22562713493255,24.829496202758754,3.000831775653024,1.0,1.0,1.0
237.70175135019045,115.83141688397893,1.2092140685998258,1.0,1.0,1.0
434.2848269682147,350.2436198537933,3.728842925987186,0.8588235294117647,0.6745098039215687,0.6745098039215687
202.26024511481063,682.1789574549558,1.6201029773242817,1.0,1.0,1.0
158.92693007740655,200.47368652092356,1.7828457549722074,0.7725490196078432,0.7725490196078432,0.7725490196078432
576.061882572906,748.1599575236754,1.540093857193825,1.0,1.0,1.0
38.932377153377374,52.35523570077926,1.3178000281908169,1.0,1.0,1.0
739.3482439128984,112.01580678879819,3.357231207851699,1.0,1.0,1.0
495.91274240993033,189.06904918906753,2.8222386657090817,1.0,1.0,1.0
372.92980219686046,384.0962965285753,2.819033403268679,1.0,1.0,1.0
325.7364512628641,736.429499010255,1.3998636982543387,1.0,1.0,1.0
229.8106633833396,447.3753513000616,0.9909790767420363,1.0,1.0,1.0
337.0500655169855,541.9564500472018,1.989573085560971,0.592156862745098,0.01568627450980392,0.01568627450980392
76.52285423068986,127.10603767087713,3.2838600314657125,1.0,1.0,1.0
647.4251529560868,417.324228564552,1.0954660233358071,1.0,1.0,1.0
652.8227734278449,141.0742016411572,1.4520754530121538,1.0,1.0,1.0
85.43931476716091,429.18529471186946,1.958559465019832,1.0,1.0,1.0
273.67629114626425,237.42294421657616,1.5988785944227035,1.0,1.0,1.0
537.5141085203437,665.8810667072336,2.050271707932181,1.0,1.0,1.0
344.8460779659635,103.54863542318616,3.382225230819414,1.0,1.0,1.0
89.46354016346457,602.6998742389628,3.440751432128863,1.0,1.0,1.0
111.8433919634217,335.3090818588394,1.7119918664983422,1.0,1.0,1.0
152.14750239662433,124.79827443969212,1.931325753480626,1.0,1.0,1.0
359.5750972886957,478.3548796797114,3.733839128535993,0.592156862745098,0.01568627450980392,0.01568627450980392
621.521953473845,297.946613592381,3.7001154619467824,1.0,1.0,1.0
587.2623150319672,278.1928813910913,0.8601025801713855,1.0,1.0,1.0
179.2294667441488,280.4706708531081,2.3375844839186124,1.0,1.0,1.0
645.0317011863551,191.59723540436613,3.7756177029090137,1.0,1.0,1.0
17.55092178942197,332.8046918496409,1.1528074825394055,1.0,1.0,1.0
477.1610566318252,1.8543899378912054,3.271767855322342,1.0,1.0,1.0
494.1877003450609,533.5474534154074,1.391895409748165,1.0,1.0,1.0
572.2721725023815,431.4098142037805,3.418952964921194,1.0,1.0,1.0
641.4620689145642,202.89077096525207,2.8457268076619346,1.0,1.0,1.0
121.7087452409454,699.6304777812434,2.7660870407556644,1.0,1.0,1.0
665.3603297948013,231.1154933270454,3.3124214215610452,1.0,1.0,1.0
616.161631520559,309.0048318548453,1.6204126465253457,1.0,1.0,1.0
433.6717234393734,24.43663589777203,2.928956672145521,1.0,1.0,1.0
105.43270316518378,677.4233148490556,3.6920792830505955,1.0,1.0,1.0
344.3304462792911,118.6048292596843,2.937090230474984,1.0,1.0,1.0
579.4441597489669,337.6299067183281,2.110337686107468,1.0,1.0,1.0
633.2325496271,501.38687717192835,3.022768282194648,1.0,1.0,1.0
435.8378137639158,773.5257510713059,0.9168673687765416,1.0,1.0,1.0
510.6151093332327,461.4832275736884,1.7217875595824337,1.0,1.0,1.0
513.5115820022855,249.9612299490376,1.8816830924704797,0.12156862745098039,0.10588235294117647,0.10588235294117647
108.54094993039119,774.0284898119818,2.229860047340453,1.0,1.0,1.0
746.0146934688312,136.4356277437251,1.7706507302143177,1.0,1.0,1.0
37.60203293849548,575.5845218206141,2.3212583480772153,1.0,1.0,1.0
401.40031002283985,682.4192614862046,1.6793921231846962,1.0,1.0,1.0
307.5339998763981,170.59555085659343,3.309487340358394,1.0,1.0,1.0
752.0246224659656,648.3250616619345,1.3377781852709902,1.0,1.0,1.0
307.11845197601343,551.0542636199788,1.60370387508007,0.592156862745098,0.01568627450980392,0.01568627450980392
276.9028044028271,312.27082988038717,1.229146989290995,1.0,1.0,1.0
281.2751406423635,521.6001566665384,3.7757202339531006,0.592156862745098,0.01568627450980392,0.01568627450980392
78.27163755605224,565.4369254607934,3.333151375142688,1.0,1.0,1.0
697.8945143288902,708.2105920627761,1.6973132150572492,1.0,1.0,1.0
290.3187963291451,157.40410012810318,1.132450188985495,1.0,1.0,1.0
573.7675074026484,741.3958440378015,0.8029696974465553,1.0,1.0,1.0
94.57432706474758,375.68601832129974,2.394072329097347,1.0,1.0,1.0
584.3613345545164,371.16460508137607,1.240147144920363,1.0,1.0,1.0
675.7139878490377,302.63285080218975,2.4109564329935917,1.0,1.0,1.0
426.40703153835267,283.1221256346667,1.5837919702271677,1.0,1.0,1.0
650.890051976314,112.78115022155953,0.7695395110198704,1.0,1.0,1.0
225.6819601726926,678.2277815965538,2.4500682008670167,1.0,1.0,1.0
70.38928948558107,199.457936901832,2.507094193283593,1.0,1.0,1.0
492.9199806771022,772.8415938739114,1.8777982159105675,1.0,1.0,1.0
407.6621133898397,455.24112241139557,1.7240557256683287,0.592156862745098,0.01568627450980392,0.01568627450980392
526.4225558346059,244.95249991174532,1.8549940675567511,0.0392156862745098,0.03529411764705882,0.03529411764705882
31.64753710736757,707.9855920725768,0.869109301086087,1.0,1.0,1.0
218.56133548235056,211.0999235411129,0.9386179017759126,1.0,1.0,1.0
327.32083421612015,18.264574620829364,2.740807625063362,1.0,1.0,1.0
747.7196258015191,688.2169449436684,3.0027941376702305,1.0,1.0,1.0
253.84799149051855,389.842639605704,2.264660465482285,0.592156862745098,0.01568627450980392,0.01568627450980392
119.71839713244596,338.95008554791104,1.654601916200118,1.0,1.0,1.0
490.51802009543013,766.6426205754359,2.6622379348697685,1.0,1.0,1.0
600.8855620882858,527.3864731975207,2.090915453213257,1.0,1.0,1.0
504.26390900967687,709.6489671775058,1.5569585240595378,1.0,1.0,1.0
608.1056817260716,375.6014398808999,0.9165704275117554,1.0,1.0,1.0
96.97996505523136,370.6791457824527,2.390188354321964,1.0,1.0,1.0
690.4110238630902,788.4000080654059,1.6076658967081778,1.0,1.0,1.0
283.6036516071795,527.4399401550589,1.7295128591330005,0.592156862745098,0.01568627450980392,0.01568627450980392
666.8278685421229,339.34038732752936,3.148864747708445,1.0,1.0,1.0
560.8101979348238,578.7582129093687,2.7694628435441335,1.0,1.0,1.0
137.8681493870256,523.5290775048005,2.686584648016069,1.0,1.0,1.0
448.7008549927368,775.4064987890391,2.9269934354102842,1.0,1.0,1.0
299.6390285096207,425.5681970953901,0.9026769199145018,0.592156862745098,0.01568627450980392,0.01568627450980392
426.30425205453184,103.96575102503863,1.0588810022315949,1.0,1.0,1.0
707.4514388339771,702.3118657240084,2.1794475012303174,1.0,1.0,1.0
246.51376805815642,254.5693058204088,3.4391623214585767,1.0,1.0,1.0
474.41006453920875,255.09511113388277,1.9365590822217604,0.8,0.796078431372549,0.796078431372549
537.5368082621914,635.7495930017258,3.4051861566584973,1.0,1.0,1.0
645.0682921640941,341.1626003375138,0.8794572705867291,1.0,1.0,1.0
350.31724485618093,236.4703144149578,2.1391954893837335,1.0,1.0,1.0
439.54583557439196,718.0178518664147,2.777997286828732,1.0,1.0,1.0
105.24562788743926,618.020919156858,1.2552280431345206,1.0,1.0,1.0
18.500506937889753,565.7010974880452,3.6792864949732125,1.0,1.0,1.0
740.1716265131988,663.3780160362603,2.7481204793473397,1.0,1.0,1.0
278.6969890922234,721.2543587354506,2.7756126904118514,1.0,1.0,1.0
151.58450498010302,680.0647537777452,3.535017567882101,1.0,1.0,1.0
325.04139345738423,14.222668322400649,1.5887662131604987,1.0,1.0,1.0
421.74916233371965,454.40052897630545,2.776870862361219,0.592156862745098,0.01568627450980392,0.01568627450980392
415.5010659988573,171.81034701000976,2.3685093746611146,1.0,1.0,1.0
712.6646460990975,142.76857182145534,3.4747539426276206,1.0,1.0,1.0
132.5911118775828,765.5971780225348,0.9854371890105837,1.0,1.0,1.0
366.93109161137886,354.3966641112589,1.424643431914658,1.0,1.0,1.0
186.05017136558322,181.03761645311945,2.4996842834430675,1.0,1.0,1.0
302.6493562498768,601.855256043679,2.1690277569214036,1.0,1.0,1.0
212.2770808425658,680.590576034487,0.7854321682055448,1.0,1.0,1.0
753.9030220476753,777.948762053604,1.9124992131938046,1.0,1.0,1.0
174.07126814511074,376.61368774958993,1.4869619547471684,1.0,1.0,1.0
328.32408055948076,392.84533619011137,1.5781766391046292,1.0,1.0,1.0
9.542623488822858,476.8632760097399,1.507486865138928,1.0,1.0,1.0
182.94562790216605,652.1657425162318,0.9754248900387079,1.0,1.0,1.0
521.5917544142588,129.18525570235752,0.9755373652298929,1.0,1.0,1.0
441.10644972853027,358.80409735818,1.1289018160378987,0.592156862745098,0.01568627450980392,0.01568627450980392
320.98338010735546,122.12147064680717,2.065378631411226,1.0,1.0,1.0
677.9499663265033,634.6751280174252,1.5890205162478117,1.0,1.0,1.0
153.95940600736955,96.81854235198959,1.5139611058940974,1.0,1.0,1.0
548.1778498127576,494.1405965990436,2.2633171226569937,1.0,1.0,1.0
761.3154208911393,534.999534211714,0.9337511226081613,1.0,1.0,1.0
193.37379535223806,606.168794313684,1.346326330334471,0.6039215686274509,0.050980392156862744,0.050980392156862744
132.24819090015805,557.9037592429037,3.6289220677142198,1.0,1.0,1.0
700.7372348345137,3.4795948468857874,2.9424351968897247,1.0,1.0,1.0
632.574641999832,599.4696772313432,1.6521655865307974,1.0,1.0,1.0
252.12879860211171,386.45779485017226,0.8240223633043519,0.592156862745098,0.01568627450980392,0.01568627450980392
411.4568534576851,47.03554594283311,1.555516223102159,1.0,1.0,1.0
191.22743389325427,756.5360786323109,1.8881778102059432,1.0,1.0,1.0
571.4430683096256,615.3404299850097,3.2047791304832867,1.0,1.0,1.0
317.7375221885524,125.14827141059841,1.354179671843873,1.0,1.0,1.0
304.58188067523093,523.7865995970006,0.7712989156539708,0.592156862745098,0.01568627450980392,0.01568627450980392
165.81882521671213,73.19870701379186,3.0027216314940137,1.0,1.0,1.0
184.61378135912892,379.50768470656567,0.9819845004600043,1.0,1.0,1.0
646.4545299522,388.4248366102605,1.2899350924029682,1.0,1.0,1.0
629.9606427129806,398.32715354637844,1.753690400026564,1.0,1.0,1.0
133.43254861157803,573.0242846888228,3.090886076402838,1.0,1.0,1.0
600.7616858556407,750.2295734846924,3.727137632609864,1.0,1.0,1.0
187.4021704483558,656.0480357419763,2.547543706119518,1.0,1.0,1.0
704.1355693699463,433.89357446180514,1.9383512533481908,1.0,1.0,1.0
760.8437838198547,74.11464824321952,1.3066860345911029,1.0,1.0,1.0
507.7083300530649,387.4458857065769,2.5618539725965324,1.0,1.0,1.0
41.113195588146944,214.27988326509058,3.789215692076476,1.0,1.0,1.0
733.1290715870886,272.37655224744833,3.306881712394964,1.0,1.0,1.0
706.8720826375167,462.8112287714266,0.7850620653699991,1.0,1.0,1.0
643.3906424179878,775.5886697791499,2.8278538177028287,1.0,1.0,1.0
731.6329539552866,637.0625874691077,1.0561871135173655,1.0,1.0,1.0
262.0215968585244,561.5958908105828,2.681440591181599,0.592156862745098,0.01568627450980392,0.01568627450980392
661.9574205793882,783.5102113118704,1.264026814122793,1.0,1.0,1.0
543.5428649863883,678.3169346349558,2.8266362526110274,1.0,1.0,1.0
712.8053462623648,621.3422553775459,1.0202441093083294,1.0,1.0,1.0
178.74858330957213,375.6403393477721,0.9293781774965528,1.0,1.0,1.0
89.60038164521501,519.177120933919,2.156247345641688,1.0,1.0,1.0
473.1020493653747,583.98160147345,1.2834383317260634,1.0,1.0,1.0
93.3328493031354,79.96198749911692,1.5943205017269966,1.0,1.0,1.0
224.38919903567506,547.9859472533618,2.1965177059319054,0.592156862745098,0.01568627450980392,0.01568627450980392
295.8304570122723,20.77763074791867,0.9057161699529326,1.0,1.0,1.0
85.20904486059884,581.1590316569101,2.6429261007404596,1.0,1.0,1.0
541.88850234062,417.78766497587094,2.7095556339595364,1.0,1.0,1.0
148.01777145692566,208.6554095799686,2.7068354600685467,0.615686274509804,0.611764705882353,0.611764705882353
92.69764827715622,255.49905025557064,1.4121016622770897,1.0,1.0,1.0
604.9654802833559,531.1429687158885,2.3745428076208785,1.0,1.0,1.0
227.0808253019217,611.6412269502574,2.8723568676248146,0.592156862745098,0.01568627450980392,0.01568627450980392
738.4235278777992,769.5879566523219,1.0276814025244663,1.0,1.0,1.0
113.85009179824343,725.5399061471473,2.3339586484778465,1.0,1.0,1.0
401.6871889598619,556.2356243153816,3.312601262976447,1.0,1.0,1.0
27.076559655254925,465.9899997156186,3.311841963049235,1.0,1.0,1.0
116.6095685586384,284.133294248233,1.1635738882089328,1.0,1.0,1.0
729.3006651718857,315.15837859761933,1.6916096330729817,1.0,1.0,1.0
435.1382582943517,323.68484645826624,1.165644617612978,0.996078431372549,0.9882352941176471,0.9882352941176471
567.7573037104547,721.7258035294702,1.9139765343873687,1.0,1.0,1.0
24.076415004561483,9.38778136155155,2.1948643562560965,1.0,1.0,1.0
61.02450255584794,645.6106537470762,3.748975578296266,1.0,1.0,1.0
590.7174409659236,31.077091747855917,1.2940525670758376,1.0,1.0,1.0
20.63770317464914,760.0823232784588,1.3408700886047595,1.0,1.0,1.0
708.6418387876068,220.01512044100036,3.77934353685983,1.0,1.0,1.0
732.7401835087334,682.8445233784568,2.2190151807932494,1.0,1.0,1.0
222.26126359414033,694.2513610109626,3.4208127988921477,1.0,1.0,1.0
281.08886710401725,462.2490294435474,0.8527169318751521,1.0,1.0,1.0
31.19139666451509,207.61238227038535,3.087050769624777,1.0,1.0,1.0
509.7118720374806,98.64964250277922,0.9479663250166231,1.0,1.0,1.0
422.2751673740904,336.5670195210092,2.3669031986622233,1.0,1.0,1.0
563.1722118828263,124.82605570748596,3.376300910122851,1.0,1.0,1.0
123.0139523722156,45.681413838537104,1.1626440220964094,1.0,1.0,1.0
582.0970397530904,653.7924817130272,0.9998093117996365,1.0,1.0,1.0
710.428798685776,148.67284517387324,1.8682301663561787,1.0,1.0,1.0
10.148539997977812,382.8470202959912,1.0436970192342105,1.0,1.0,1.0
387.59604850566853,195.00123427507052,1.7035055559638126,0.7568627450980392,0.7529411764705882,0.7529411764705882
420.4567523594117,447.1361447223204,0.8877590098643914,0.592156862745098,0.01568627450980392,0.01568627450980392
690.3859687674549,346.21254490679365,0.7691767889422649,1.0,1.0,1.0
270.8653256385686,767.9328525468931,3.735544933752327,1.0,1.0,1.0
756.7229545835413,154.64633494489928,1.259913294298448,1.0,1.0,1.0
324.6175693385794,496.236948448622,3.193062944356219,0.592156862745098,0.01568627450980392,0.01568627450980392
137.193805513292,363.61783821265294,1.6869800072260874,1.0,1.0,1.0
536.1063823250971,24.384816278058484,1.570179002778572,1.0,1.0,1.0
238.6401838720038,73.88122199154691,3.160841713191406,1.0,1.0,1.0
292.5847492207019,727.9915824719894,0.8805640023058008,1.0,1.0,1.0
123.97118819996379,487.57603223926225,1.579160311069479,1.0,1.0,1.0
519.3742164219714,662.2089566898495,3.2740271777075125,1.0,1.0,1.0
380.6268183773865,459.65622070388633,2.468483817288849,0.592156862745098,0.01568627450980392,0.01568627450980392
667.753389919018,652.5623032801467,1.4406701324937137,1.0,1.0,1.0
731.7746267481439,31.58371814731743,2.2678694713769927,1.0,1.0,1.0
92.00085393039055,585.8437417946998,3.530503694401129,1.0,1.0,1.0
743.2802957255119,388.65365860982496,1.58531296325586,1.0,1.0,1.0
680.0407969139432,570.7429719987921,2.6078277004399446,1.0,1.0,1.0
593.7071775230976,37.51817741132891,1.0785447670660564,1.0,1.0,1.0
439.9142738886453,388.7579339679769,2.1450911633329097,1.0,1.0,1.0
453.2703820758804,327.6386120402299,1.980629405493867,0.592156862745098,0.01568627450980392,0.01568627450980392
754.4750896718764,533.3764314122739,3.1908705551900667,1.0,1.0,1.0
199.24902738512685,182.46348168772843,2.050569010400636,1.0,1.0,1.0
589.6348784791185,13.284890703548726,3.1753375083219892,1.0,1.0,1.0
756.425961188204,83.86979460672245,3.7001871479707003,1.0,1.0,1.0
594.0071091053463,723.7194395124629,2.4573342818816446,1.0,1.0,1.0
345.901928014951,132.4659889591734,2.151093734711492,1.0,1.0,1.0
449.86575416375734,270.1642993354478,2.233478185008428,0.12941176470588237,0.11372549019607843,0.11372549019607843
331.3721228587927,530.1176697975657,3.4685505464588435,0.592156862745098,0.01568627450980392,0.01568627450980392
61.86692587490417,8.36097232701684,3.5648998108904046,1.0,1.0,1.0
10.493206455555335,479.9254666045878,1.5278569390610293,1.0,1.0,1.0
286.87085819212865,261.87109870185236,0.7862287167942894,1.0,1.0,1.0
160.20617105481392,494.32088896543087,2.4607538689129145,1.0,1.0,1.0
112.85460294670997,466.14811773373737,2.2129285080990333,1.0,1.0,1.0
407.39875103972156,376.4975375546764,2.921970763419518,1.0,1.0,1.0
658.8318166042673,551.5679363201358,1.6486403160136969,1.0,1.0,1.0
474.2408691816076,731.7576211212147,1.8189862495256472,1.0,1.0,1.0
587.5339455436412,346.67204996210563,2.477425303348276,1.0,1.0,1.0
292.29394789121784,32.604358515388455,1.4583642417025438,1.0,1.0,1.0
620.0875588945001,218.87233251020632,3.6661458848392727,1.0,1.0,1.0
78.72386986221778,533.6113417199888,3.3575453548721272,1.0,1.0,1.0
168.6618907528038,411.98559127528233,1.3881889561480614,1.0,1.0,1.0
128.23244385302087,45.850207220401096,3.386053521002387,1.0,1.0,1.0
322.8488426277611,441.0100610022194,2.8091287523243396,0.592156862745098,0.01568627450980392,0.01568627450980392
62.20582919675121,582.0243101868155,1.0263138010254402,1.0,1.0,1.0
324.26985607951457,538.4307557359465,1.7442135351396422,0.592156862745098,0.01568627450980392,0.01568627450980392
433.9781902621024,385.7506100395103,1.6721662727259183,1.0,1.0,1.0
581.5881639440911,642.8646103806557,1.3165508724150268,1.0,1.0,1.0
172.22080027222927,665.7092683928059,1.1674768816620658,1.0,1.0,1.0
335.0193550925849,600.3780333079513,0.9477377609368465,1.0,1.0,1.0
325.90697482892745,338.5506944072465,1.99549585128955,1.0,1.0,1.0
211.4862517773164,608.1831242767421,3.5235771056540903,0.592156862745098,0.01568627450980392,0.01568627450980392
197.13516868828273,258.02283419626485,1.6775336357058264,0.8588235294117647,0.8549019607843137,0.8549019607843137
82.15038156405382,491.7603500937449,0.8000058194774144,1.0,1.0,1.0
169.52264924822833,611.118613156774,1.5678359378206994,1.0,1.0,1.0
434.04558370623425,691.3174353054646,1.1902222091363566,1.0,1.0,1.0
240.86368485810672,62.31309961309116,1.4063048550387118,1.0,1.0,1.0
679.2795211521857,338.161089202863,2.3106986488878887,1.0,1.0,1.0
618.7617823263824,308.2141465500988,0.806564770704077,1.0,1.0,1.0
83.09674537978402,116.72950399336435,3.5083693815985213,1.0,1.0,1.0
523.2203058864579,746.835780394722,1.783763812293227,1.0,1.0,1.0
347.83393438026997,293.3582882325176,1.4955495731740158,1.0,1.0,1.0
377.90195551147974,340.7563222654999,1.5047796855121027,0.592156862745098,0.01568627450980392,0.01568627450980392
434.6599248935303,551.950283216902,3.2057595896676467,0.6431372549019608,0.13725490196078433,0.13725490196078433
337.14609659832195,394.58416647790597,1.116927377055532,1.0,1.0,1.0
409.55882950992344,273.3931429890646,3.264474592472007,0.5333333333333333,0.5254901960784314,0.5254901960784314
544.5683129247876,545.5779073981246,1.7930643535211248,1.0,1.0,1.0
111.27051756794819,781.7383129164341,2.743227752869533,1.0,1.0,1.0
606.8007320643728,121.04211321489755,2.2959726296279936,1.0,1.0,1.0
543.2803690747837,102.17785972142251,1.2061075877953173,1.0,1.0,1.0
685.599724416209,636.2295280056193,1.1269765990039804,1.0,1.0,1.0
520.4658348957464,141.1950262990524,2.0426112960773066,1.0,1.0,1.0
25.330138068026397,683.6181951004156,1.2481518797839817,1.0,1.0,1.0
191.30610139136857,198.03996309451878,1.5555165030066078,0.24313725490196078,0.23137254901960785,0.23137254901960785
211.06317031000148,490.90583320803415,1.8250346497620427,1.0,1.0,1.0
387.94564427570714,458.4629879683318,0.8314128930511043,0.592156862745098,0.01568627450980392,0.01568627450980392
338.50638090973695,503.4670580413296,3.786467884619693,0.592156862745098,0.01568627450980392,0.01568627450980392
592.3326673096715,326.85730186660294,3.1475788589277123,1.0,1.0,1.0
335.29875782419435,354.6299325262811,3.7450473460181124,1.0,1.0,1.0
226.63996122476212,274.8727539253555,2.91338542801595,1.0,1.0,1.0
750.1817677815148,721.9205897607883,1.2493327823830958,1.0,1.0,1.0
125.3162677695113,444.0612016240361,3.4941989766017976,1.0,1.0,1.0
393.1724227827529,781.8870255622502,1.0799486327594676,1.0,1.0,1.0
634.8273575771228,393.4782143409624,3.031462343056178,1.0,1.0,1.0
477.8937361199576,473.1761078743722,0.9454650373046012,1.0,1.0,1.0
167.94601728927603,453.3440557947584,2.6688007540361607,1.0,1.0,1.0
79.13892539842965,279.1563252303132,1.8742646415375606,1.0,1.0,1.0
573.1120282316828,620.0215832570408,1.2844885705953026,1.0,1.0,1.0
616.9002876165873,154.99896446177982,2.295844274183457,1.0,1.0,1.0
298.7290264948135,739.9545804295291,2.7724824472424725,1.0,1.0,1.0
203.92310382021537,405.7609171480433,2.783395232316168,1.0,1.0,1.0
751.277294640624,767.1200265851868,2.5840485497297,1.0,1.0,1.0
470.8673801601226,475.40762405978427,1.980047631087493,1.0,1.0,1.0
540.838977419458,694.0513502957374,3.0488513144457614,1.0,1.0,1.0
62.00020905178013,535.8930206375187,3.256712905062387,1.0,1.0,1.0
158.3221809149826,379.88973167009493,1.9307847475675304,1.0,1.0,1.0
359.1105618640588,269.1767981928574,2.8433115606001915,0.2549019607843137,0.25098039215686274,0.25098039215686274
292.6235910894464,185.25450414663015,1.9632418393977595,1.0,1.0,1.0
239.30144263889758,43.44548696008417,3.598831481731891,1.0,1.0,1.0
105.76874326582488,315.1711173352534,1.2760230816908904,1.0,1.0,1.0
210.8449301339614,119.4628330499535,1.1016456719578962,1.0,1.0,1.0
162.22626765054676,34.060251402151664,2.3228711711589747,1.0,1.0,1.0
130.7076157963735,538.3829804291705,2.91943419165504,1.0,1.0,1.0
78.89326854316467,53.02182672852636,2.986849527702634,1.0,1.0,1.0
386.5519687740273,320.4156342232952,2.893331317149142,1.0,1.0,1.0
557.0017695623126,233.9952480420824,2.2962603155541013,1.0,1.0,1.0
330.31282881149895,28.056360886547928,3.5371130611953605,1.0,1.0,1.0
577.6286629124877,401.10325698656385,1.6241322514811602,1.0,1.0,1.0
576.7350191946633,371.28627619630333,2.2997791841623654,1.0,1.0,1.0
350.654990740913,298.22041515651085,1.9529962560143308,1.0,1.0,1.0
103.68039140447821,366.84956910756466,0.9846555638016186,1.0,1.0,1.0
278.76282463205644,185.64148026817057,2.7808723964711213,1.0,1.0,1.0
568.485142448442,697.65186122521,2.9511937290857397,1.0,1.0,1.0
475.33776278018814,230.10864177264224,1.752849890964264,1.0,1.0,1.0
103.42650595454312,327.44386036229395,1.696852703979486,1.0,1.0,1.0
738.4308117863333,137.6723838423437,1.4738975253254534,1.0,1.0,1.0
204.36348132918636,667.6254437947367,3.4055124539267365,1.0,1.0,1.0
653.0534340009241,691.042081769707,3.247454342952902,1.0,1.0,1.0
546.7754178004825,458.4856973837175,3.411395906990162,1.0,1.0,1.0
121.73458673164562,102.43278723731717,0.8417587029222061,1.0,1.0,1.0
313.81522421928156,233.11644511170016,2.5120974792603814,1.0,1.0,1.0
522.6165937302935,232.61598430552147,1.7201102268713155,1.0,1.0,1.0
330.0694837643383,135.95937551684844,0.8884499310408238,1.0,1.0,1.0
63.81380164125033,287.2081354305435,3.3388826331131884,1.0,1.0,1.0
227.58208311895305,208.58126778712054,2.6830828053231324,1.0,1.0,1.0
39.36249549929446,564.2960185241859,2.3876444178545206,1.0,1.0,1.0
245.8962942200955,450.2976922466841,1.2239938824736232,1.0,1.0,1.0
363.85581788085346,88.71844721205895,0.7794722739444443,1.0,1.0,1.0
555.1790194037799,514.7588167886389,3.1130494241161544,1.0,1.0,1.0
173.33405132236658,261.85287798169963,2.5327467652060047,1.0,1.0,1.0
660.0375437502037,579.1117280034927,1.158040966784386,1.0,1.0,1.0
87.08080052291794,459.9946397878876,1.0244126657170503,1.0,1.0,1.0
758.0725877463111,469.66032409839715,1.3162313096504739,1.0,1.0,1.0
666.8283002055063,98.49796113585573,3.7933157201209804,1.0,1.0,1.0
134.7084819179515,732.4771684560353,3.549708982085548,1.0,1.0,1.0
551.0996221837738,313.33461718567867,1.2649119398170212,1.0,1.0,1.0
500.52840077928573,402.2958733680314,2.51461837453206,1.0,1.0,1.0
655.2406244117582,391.74041959863825,2.963469669556423,1.0,1.0,1.0
615.7017595661068,51.79762892593895,3.237078501629678,1.0,1.0,1.0
242.8205852874381,144.28275860353256,3.4064566857930534,1.0,1.0,1.0
139.90570228042762,752.4834959141455,2.5300584640532287,1.0,1.0,1.0
514.3734257596283,645.815526578287,1.7881715996946463,1.0,1.0,1.0
174.13966245478056,760.2451494095612,1.4482151580790257,1.0,1.0,1.0
476.51100695176825,735.8724597303265,1.689452929207023,1.0,1.0,1.0
393.64690401506795,641.5534725409411,1.2249218965744952,1.0,1.0,1.0
510.62017639622655,74.57784966672955,3.385505320098986,1.0,1.0,1.0
27.378061083015762,758.3287797224954,0.8665279957439659,1.0,1.0,1.0
38.88062890093143,608.5087606146844,0.7708582511743864,1.0,1.0,1.0
132.73328686341256,18.115909180899497,3.018945744581413,1.0,1.0,1.0
670.9744429136775,381.179194887064,2.095353047942894,1.0,1.0,1.0
573.9734409726514,465.32894610493247,1.4626220972129116,1.0,1.0,1.0
648.5246068658358,18.119458725826313,2.1293117915511184,1.0,1.0,1.0
246.73929270627062,281.084551224704,1.3744553184330544,1.0,1.0,1.0
537.4430497330143,470.9842643803007,2.0426991501520297,1.0,1.0,1.0
659.9167275325431,182.06101491686167,2.662912397579553,1.0,1.0,1.0
135.51871689587196,668.6837111940106,3.0179513081092173,1.0,1.0,1.0
726.3876743606555,279.46598034600913,0.7858357963247647,1.0,1.0,1.0
105.82269082256664,777.0543535029447,1.121931741834592,1.0,1.0,1.0
519.0242998268528,222.81232884738546,3.7512209123516347,1.0,1.0,1.0
12.894182031219717,468.53364316872313,2.2592439777733295,1.0,1.0,1.0
101.99606998068217,478.3654068692444,1.171857246659313,1.0,1.0,1.0
319.4372568746987,723.1058564930736,3.5903204169531606,1.0,1.0,1.0
224.88814766568095,517.307392822292,1.6452131106403947,0.9411764705882353,0.8784313725490196,0.8784313725490196
397.35249847926906,298.34889192050974,0.991569657606293,1.0,1.0,1.0
276.8683397445731,495.9300629467717,3.091014527558692,0.6901960784313725,0.25098039215686274,0.25098039215686274
52.4039346545976,468.7389881065543,1.646419573318441,1.0,1.0,1.0
24.555351423757326,126.1358743244228,2.638082043470768,1.0,1.0,1.0
153.6588829938181,325.19887141244897,1.8533001506148397,1.0,1.0,1.0
439.5309773980647,236.2573723189921,1.7645171103783774,1.0,1.0,1.0
282.7478506111375,199.4645974756856,3.5020181683496006,1.0,1.0,1.0
548.8746662552066,757.8998501432211,2.1501504181633226,1.0,1.0,1.0
468.9306880296918,363.6742416661168,3.643423758599491,0.9803921568627451,0.9607843137254902,0.9607843137254902
730.2636475451216,305.795835662408,1.6986689185334576,1.0,1.0,1.0
105.16607226380899,265.0726500377374,1.973315619151502,1.0,1.0,1.0
25.519461367810514,695.6248494954109,0.9225598081213967,1.0,1.0,1.0
297.39796947704644,273.33964601547825,2.577753584643026,1.0,1.0,1.0
11.706022572268585,293.1889872258457,1.7578895059155815,1.0,1.0,1.0
246.30894072390743,130.10949951435262,2.4235605632440835,1.0,1.0,1.0
299.23648586027696,330.0003315627787,1.836532845014767,1.0,1.0,1.0
508.9036940060452,517.3913486261716,2.051053764664284,1.0,1.0,1.0
580.1626363420802,121.98565634479831,1.5042312310636903,1.0,1.0,1.0
701.6665573769886,174.4632229178562,2.8843107697635912,1.0,1.0,1.0
707.376639281802,616.6428339327894,0.8015098997830337,1.0,1.0,1.0
431.4708135313171,473.585552049918,2.6646318377058886,0.592156862745098,0.01568627450980392,0.01568627450980392
378.2428528325888,146.50902053831808,3.494434419694783,1.0,1.0,1.0
636.1199875351534,779.9663741780311,2.026899429073705,1.0,1.0,1.0
237.39736486396396,184.31052807925352,3.534010260845883,1.0,1.0,1.0
118.9103088493469,415.7727737104042,2.1606999729162117,1.0,1.0,1.0
565.1911259362918,172.01254869450284,2.147618003150881,1.0,1.0,1.0
670.1055349808938,467.73182791771353,2.2983464681153176,1.0,1.0,1.0
480.7531442247341,244.59616197376454,2.4720958498903594,0.3058823529411765,0.2980392156862745,0.2980392156862745
581.223402368179,359.50500374861645,0.8420172906653494,1.0,1.0,1.0
350.3870728778841,83.20030164692189,2.872660892220607,1.0,1.0,1.0
639.2560332219531,605.7784969170563,0.7813800647990798,1.0,1.0,1.0
422.4782030484311,394.8760545628964,0.7849203398416668,1.0,1.0,1.0
71.60540350750465,524.4495234145018,2.2888626288570877,1.0,1.0,1.0
586.3038193150622,332.94615350562447,1.6267238727279942,1.0,1.0,1.0
133.31538321279905,130.1390528023621,2.9660084316400157,1.0,1.0,1.0
330.85065111315294,722.3465298264641,1.3487448474327197,1.0,1.0,1.0
605.7104612723206,448.13936719044545,1.9150947559013527,1.0,1.0,1.0
596.0586022465177,20.318882064482473,2.816036435823523,1.0,1.0,1.0
302.6069959281647,215.42288706961898,3.6577409922069646,1.0,1.0,1.0
88.37825339233025,63.11438037500058,3.046733203251182,1.0,1.0,1.0
133.51964011748834,299.29859487519144,1.4742208362568494,1.0,1.0,1.0
167.24156538894542,352.5194590426499,2.9327594443102574,1.0,1.0,1.0
14.530843364666957,608.8697584899667,1.1365491764149274,1.0,1.0,1.0
479.64026987201595,710.431135476557,2.197794474674379,1.0,1.0,1.0
48.43732166066356,720.5799334742962,2.4019921735191048,1.0,1.0,1.0
301.79865991580596,222.84107420984307,1.9647840930457992,1.0,1.0,1.0
383.0077128527334,80.8760667334098,3.437441902650437,1.0,1.0,1.0
199.70259606508608,663.1632877411863,1.7647947010988108,1.0,1.0,1.0
723.8482884397788,205.33433907072538,1.0227776205267975,1.0,1.0,1.0
82.22442020729869,286.8670345817497,2.5603744631362932,1.0,1.0,1.0
218.46112968879171,90.80876042593876,0.828268832568798,1.0,1.0,1.0
495.15472214815327,556.3462097416976,1.6304617585571486,1.0,1.0,1.0
321.3204799854882,454.6329087647578,3.1473732936617846,0.592156862745098,0.01568627450980392,0.01568627450980392
735.6764508465069,523.0743306414341,1.4992408512146,1.0,1.0,1.0
55.94128605344288,232.99034637149052,2.843423184834289,1.0,1.0,1.0
288.03111043043566,485.3971823952849,3.4424892910024543,0.592156862745098,0.01568627450980392,0.01568627450980392
451.95241151334744,557.977129163358,1.7519245699813486,1.0,1.0,1.0
145.99994046428176,550.7696457150145,3.1091803784278267,1.0,1.0,1.0
686.2094371472872,691.3248169413745,1.784420263820709,1.0,1.0,1.0
689.5586228790041,486.17835551103195,1.8262914793177063,1.0,1.0,1.0
168.56442010173512,301.3175960037957,1.4013898639509934,1.0,1.0,1.0
244.21407621253647,709.0682878123002,1.5768666129260223,1.0,1.0,1.0
391.94461118738894,443.5846193813801,2.437758595199277,0.592156862745098,0.01568627450980392,0.01568627450980392
163.7409392136931,541.6680101675271,1.4275767379438027,1.0,1.0,1.0
221.51403609442332,5.727905693372581,0.8686762090294396,1.0,1.0,1.0
25.12994325432795,43.0813721302254,2.6954712088935042,1.0,1.0,1.0
40.42861322426332,110.65321898889637,1.4537430133972706,1.0,1.0,1.0
487.89769145300045,623.8940468346171,2.7715261055167346,0.5882352941176471,0.01568627450980392,0.01568627450980392
159.42338168169493,233.23289278991513,3.283859669133171,1.0,1.0,1.0
294.25391572006635,13.036081409012912,2.8186837541969183,1.0,1.0,1.0
308.9843636270893,547.3427885884556,1.3281871858874585,0.592156862745098,0.01568627450980392,0.01568627450980392
4.51226360891676,575.5634957386711,2.7492843433663485,1.0,1.0,1.0
354.6363223769148,601.9036261547913,1.6852258583057234,1.0,1.0,1.0
410.0170175335675,208.4494170037282,3.303109122263993,1.0,1.0,1.0
159.32507599418173,411.34774553815515,1.7692358851588874,1.0,1.0,1.0
422.5047482978325,111.85788170785264,1.1323150849058718,1.0,1.0,1.0
42.50361661445729,196.87135632136196,1.5938424121657004,1.0,1.0,1.0
503.38051507225117,27.592652006530642,2.3085148037231247,1.0,1.0,1.0
645.9432791175125,296.4811403578843,3.3083563456092464,1.0,1.0,1.0
618.8428112260742,42.651877378108566,2.0637414224121655,1.0,1.0,1.0
157.98529588799948,180.80724402224322,2.9831882381340953,1.0,1.0,1.0
679.1549623459688,718.6841526277658,1.5462704417882231,1.0,1.0,1.0
48.64425170983791,252.49234921168494,3.012782090602888,1.0,1.0,1.0
113.12116629332203,303.6754532585893,0.999647827476104,1.0,1.0,1.0
523.0996898336289,764.6209514178827,1.2881754035917579,1.0,1.0,1.0
444.0813263964076,758.5380289303715,1.560623541470894,1.0,1.0,1.0
368.94116375387966,327.86708206543176,2.099552249022332,0.6,0.023529411764705882,0.023529411764705882
501.5628682659408,191.98391417351206,1.5098394349718847,0.8588235294117647,0.8549019607843137,0.8549019607843137
393.89659621502193,109.06468875840163,2.667245603602547,1.0,1.0,1.0
384.0330603693397,331.2970804519929,1.1536014910452288,1.0,1.0,1.0
425.39573862804997,438.26810510799584,2.383539700901475,0.592156862745098,0.01568627450980392,0.01568627450980392
527.8734781389217,511.5351224415907,2.585908480935736,1.0,1.0,1.0
506.59590313625904,212.4122717004448,1.6772249785824151,1.0,1.0,1.0
201.1249793233065,693.4912904964705,2.6719732738542006,1.0,1.0,1.0
364.50545973486135,295.1955262504801,2.9428998449053165,1.0,1.0,1.0
308.0853780327832,516.1124745157385,3.6570460619141025,0.592156862745098,0.01568627450980392,0.01568627450980392
38.801541743048006,218.54322472179587,0.9081431256155688,1.0,1.0,1.0
455.2933727689659,483.92224879407325,2.43670849064643,1.0,1.0,1.0
180.75715863797834,345.3507404135623,2.1014652415453012,1.0,1.0,1.0
113.9991885053216,694.8704783362556,1.213852787049504,1.0,1.0,1.0
477.4536332165114,189.40688629291174,1.566843935079099,1.0,1.0,1.0
672.3755330386107,338.76093794648006,1.32299596982687,1.0,1.0,1.0
302.57242259420616,750.6520316227154,0.9993530400820438,1.0,1.0,1.0
147.8290219045569,147.44560116253268,1.5683851750574331,1.0,1.0,1.0
218.44864233093986,394.24814480053413,3.3457921491001503,1.0,1.0,1.0
76.15704520035642,364.2961832736229,2.398599217038517,1.0,1.0,1.0
153.28729740965758,11.33445862825139,3.0590536651409597,1.0,1.0,1.0
260.070760032572,380.7625390075928,3.801447715438006,0.592156862745098,0.023529411764705882,0.023529411764705882
318.01862069631403,483.56942415009723,2.5901017760433676,0.592156862745098,0.01568627450980392,0.01568627450980392
532.4199230813139,125.27615260113289,3.201798742807972,1.0,1.0,1.0
730.0040694737929,750.2662092459784,2.3792879955171884,1.0,1.0,1.0
672.8810265678424,156.6425945403411,1.2424561943073165,1.0,1.0,1.0
331.78892489939307,557.9495849307336,2.170217687260191,0.592156862745098,0.01568627450980392,0.01568627450980392
77.68676337557203,400.21444308874266,2.461235612005387,1.0,1.0,1.0
294.5646399101446,446.6594306539381,1.1948116311311974,0.592156862745098,0.01568627450980392,0.01568627450980392
381.86083620779544,189.1986462583513,0.9332799026911971,1.0,1.0,1.0
80.05608148266936,640.2783849604374,1.787478937668374,1.0,1.0,1.0
705.7730215323401,210.0927616457858,3.2158000159661135,1.0,1.0,1.0
696.9257785920298,149.36934082396843,1.2353751403786373,1.0,1.0,1.0
709.3170795404109,731.1411455167685,1.6083155544830556,1.0,1.0,1.0
33.753034867324864,686.4908761554921,1.1793968769403742,1.0,1.0,1.0
280.77373683527657,104.1813455665197,2.981613447014762,1.0,1.0,1.0
532.8390927329459,25.93652094266168,0.8025890203671262,1.0,1.0,1.0
471.49462153523666,699.7691876117648,3.4434105316994557,1.0,1.0,1.0
620.0015799481929,381.9271656509632,3.010533229767793,1.0,1.0,1.0
157.18046919670005,170.13970017434212,1.7777259077608094,1.0,1.0,1.0
83.08537132557369,729.933556131865,3.471141842736471,1.0,1.0,1.0
509.05342527705744,124.26778578914224,2.923414186641263,1.0,1.0,1.0
603.6760133726007,110.78042445430326,1.3562925235130963,1.0,1.0,1.0
191.32552354482507,540.4143159999054,2.8151433966134474,1.0,1.0,1.0
338.2670519964786,89.51060392607056,2.0889237552683007,1.0,1.0,1.0
143.43823980117782,174.01373205379676,1.985102666858897,1.0,1.0,1.0
500.0519935509798,220.52056604258274,1.3906370042850633,0.9411764705882353,0.9411764705882353,0.9411764705882353
457.7970449544923,547.8315216331979,3.418792899460607,1.0,1.0,1.0
208.24181848768248,18.33059256661139,1.2118971010114148,1.0,1.0,1.0
19.93260225190533,39.74435083413532,3.2675132104397218,1.0,1.0,1.0
521.8082139369707,610.1878778587032,0.9287024381096284,1.0,1.0,1.0
612.432248998436,266.1346453723273,2.177740053864015,1.0,1.0,1.0
641.159614598136,710.8734501546435,2.8366241162320334,1.0,1.0,1.0
109.84118738401389,84.94133053177211,2.2654389900667846,1.0,1.0,1.0
264.7927648938357,392.4617702524084,3.301330536385956,0.592156862745098,0.01568627450980392,0.01568627450980392
132.78456069817273,316.92291304382945,0.9991374952222637,1.0,1.0,1.0
213.05167956838577,196.20852097659943,3.6665451833321536,1.0,1.0,1.0
209.709391828973,312.0937470125401,3.1069858291617076,1.0,1.0,1.0
671.6427820197791,737.9717373580515,2.865444483453842,1.0,1.0,1.0
41.435893710153444,778.6651574703521,2.667571498989364,1.0,1.0,1.0
586.6840201183825,381.68953273432146,2.2875871988386436,1.0,1.0,1.0
687.4038362735917,132.01490618122347,2.5833268138497285,1.0,1.0,1.0
424.6807370707916,494.19487076566,2.3841288888810546,0.592156862745098,0.01568627450980392,0.01568627450980392
209.45242418043793,142.25775279496202,2.6491022306673107,1.0,1.0,1.0
139.1029102865472,229.04149075217936,2.4675324983986195,1.0,1.0,1.0
394.09213050674043,689.734247523371,1.4781306135061958,1.0,1.0,1.0
143.65088401474594,273.59930940873795,2.0058505035503473,1.0,1.0,1.0
287.0020654117627,16.698076579449015,1.1273050651291725,1.0,1.0,1.0
320.89707912563085,788.4874884518026,2.6983986690012385,1.0,1.0,1.0
548.1823201783106,94.64955598930808,3.727838659897464,1.0,1.0,1.0
563.7134731737663,653.5122277491535,2.9232241674483648,1.0,1.0,1.0
84.68157818706409,178.5787594253403,3.5169369399554378,1.0,1.0,1.0
281.3844234896933,490.6384244339505,2.5394392644582195,0.592156862745098,0.01568627450980392,0.01568627450980392
706.769745858825,189.62689737834148,1.6438764234649152,1.0,1.0,1.0
459.97815753752803,505.93060292788306,1.2420073452445377,0.592156862745098,0.01568627450980392,0.01568627450980392
389.68194477010724,30.357816852465742,1.9157416313552604,1.0,1.0,1.0
735.5052193510071,667.5675665689721,3.2422975625211348,1.0,1.0,1.0
417.8486095090561,297.83319097392854,2.1502025790679578,1.0,1.0,1.0
174.65991439504594,227.62568860410153,3.561767725503123,1.0,1.0,1.0
293.73898976584496,390.804230245853,3.0763560819732567,1.0,1.0,1.0
457.9244863251324,620.3551447237776,1.9957043819224582,1.0,1.0,1.0
278.7867312619501,448.0937923007841,3.2764841802312135,1.0,1.0,1.0
431.2042597622912,21.63168649100736,0.7790743772788398,1.0,1.0,1.0
264.7667053004198,32.65990803193784,2.9295857247001473,1.0,1.0,1.0
15.915957798291487,657.8448247522388,1.4569112106069741,1.0,1.0,1.0
639.5328964004549,100.00697392394937,2.286439067629961,1.0,1.0,1.0
710.0293253669645,302.9856562741504,3.386532175758498,1.0,1.0,1.0
124.52286458291874,667.3242498467846,1.3173053511926334,1.0,1.0,1.0
125.12933413765063,201.21486426808136,1.3128999043946181,1.0,1.0,1.0
382.199313491017,424.7792102808193,2.8945868661631544,0.592156862745098,0.01568627450980392,0.01568627450980392
630.8052832651903,277.95738000296296,3.1425975781544677,1.0,1.0,1.0
450.4961082952751,780.8577614825683,1.9035183919072718,1.0,1.0,1.0
547.3234306172744,206.39755778181876,3.7062802417803566,1.0,1.0,1.0
423.73171152019137,384.9553434319025,1.1530077737371844,1.0,1.0,1.0
694.7914667071476,364.2471529017547,3.1547798913583462,1.0,1.0,1.0
704.1660421177229,451.99039125368506,2.0969298236723874,1.0,1.0,1.0
374.63288060262795,582.2305878953481,3.722056662176695,1.0,1.0,1.0
174.94752133069687,722.3107922023563,2.051259997270579,1.0,1.0,1.0
429.5509434011467,703.9803521526454,0.9414597276262816,1.0,1.0,1.0
212.1008379451147,782.3678465910104,0.7766660376891016,1.0,1.0,1.0
487.5049061040804,715.6073417436249,2.8709976873631993,1.0,1.0,1.0
278.5243069416021,93.62257740556251,3.1039641799579347,1.0,1.0,1.0
51.22622421735271,188.31331403459708,2.5029812517572982,1.0,1.0,1.0
189.1968304638374,30.378336248001023,3.7306072375284054,1.0,1.0,1.0
423.4076958499943,500.4217897547741,0.8410916201174972,0.592156862745098,0.01568627450980392,0.01568627450980392
395.24655297088987,14.518051902452466,2.9120050043920966,1.0,1.0,1.0
163.04909050659904,82.8388502734825,3.5020377082531837,1.0,1.0,1.0
406.18690770662306,531.5350889970335,0.9603459593908495,0.6784313725490196,0.21568627450980393,0.21568627450980393
629.7705919016822,785.0353252475725,3.034266662787417,1.0,1.0,1.0
260.7459223450183,626.36279803998,1.7631988628423352,1.0,1.0,1.0
704.3435022120606,462.39954951976506,1.604488413828311,1.0,1.0,1.0
721.1260270550579,472.15354649424114,2.891194573422269,1.0,1.0,1.0
230.95924013360994,48.10390804045036,2.0205586082924265,1.0,1.0,1.0
344.9633078099843,578.7086082872137,2.3548588146360783,1.0,1.0,1.0
744.8732662837763,684.0694725382463,0.7966057744300965,1.0,1.0,1.0
392.8547722781514,334.8030236257947,3.393715536743598,1.0,1.0,1.0
560.9241188961023,96.26101850042173,1.4086177924373449,1.0,1.0,1.0
512.5909963521327,202.98569250574147,2.7493082606858454,1.0,1.0,1.0
734.4525691367662,47.234250595330856,1.8422691243744327,1.0,1.0,1.0
308.76622954458713,119.16314273493538,0.9856992418520686,1.0,1.0,1.0
723.2911029126377,251.3760406232416,2.1546314691898196,1.0,1.0,1.0
439.09680516831105,2.648412683547802,1.8294721859088632,1.0,1.0,1.0
409.6391248924734,339.04133194561354,2.264798808355638,1.0,1.0,1.0
410.2325800214157,126.5313940325826,1.3208838578778024,1.0,1.0,1.0
41.14335527903943,254.71791396867027,1.0878357368415952,1.0,1.0,1.0
564.8880337029962,248.93466185354507,1.5541701092017344,0.8941176470588236,0.8901960784313725,0.8901960784313725
358.37253389864344,205.93219604029693,1.9051550736923737,0.1803921568627451,0.16470588235294117,0.16470588235294117
419.43089362438764,319.8773314961386,3.292668955630769,0.592156862745098,0.01568627450980392,0.01568627450980392
706.6825611773802,360.54193738814627,2.1876167616728033,1.0,1.0,1.0
297.2247811147919,75.49365932208855,1.3597024730947767,1.0,1.0,1.0
49.28168550248742,89.23751926623808,1.5973207727213798,1.0,1.0,1.0
364.73167078276725,164.34124366441594,2.059627695091338,1.0,1.0,1.0
665.857013595346,350.84856853742207,2.7232441997491827,1.0,1.0,1.0
426.8094725509757,506.17331902820274,1.2984605431010805,0.592156862745098,0.01568627450980392,0.01568627450980392
759.0160597302754,296.6986417981073,1.0959959403804111,1.0,1.0,1.0
592.8963061281315,137.94513727205114,1.7550913823959275,1.0,1.0,1.0
223.71413418397984,400.71261492292496,1.0002948328417711,1.0,1.0,1.0
323.15953631622074,633.4272349240575,1.1955215184900645,1.0,1.0,1.0
74.49147535422615,337.1679953787698,2.5696267255862537,1.0,1.0,1.0
133.37126007814874,260.2659205254528,1.4470986023733938,1.0,1.0,1.0
524.0374429247395,575.6951890452067,2.353742184816945,1.0,1.0,1.0
275.3909082220598,366.6724228838991,2.4970529373197214,1.0,1.0,1.0
378.90254147728297,656.7142672737037,3.199119010653887,1.0,1.0,1.0
283.65154187313374,396.2835408325089,0.8968630241497437,1.0,1.0,1.0
623.2395447121435,58.52997962619856,2.9891419737537195,1.0,1.0,1.0
495.69658028920816,463.7068210964356,0.8395076809240718,1.0,0.996078431372549,0.996078431372549
699.9873372671464,247.5206237351272,3.5868531959515795,1.0,1.0,1.0
620.6811791498428,263.3678915000202,2.857475190673994,1.0,1.0,1.0
524.0896342789955,131.01469508514356,1.2938892194377791,1.0,1.0,1.0
590.635027882744,750.9323992311894,2.2699133412822503,1.0,1.0,1.0
707.5946237994469,589.3157856864945,0.7965326366942546,1.0,1.0,1.0
368.30513562877104,734.4142204233882,2.3558321454555182,1.0,1.0,1.0
49.614566939400746,508.9705220444976,3.292098296028446,1.0,1.0,1.0
714.1618827873463,669.4702517889733,3.1722983445373787,1.0,1.0,1.0
599.6253796390669,95.97968767294988,0.9493708346257543,1.0,1.0,1.0
721.4703250563078,679.0722577282278,2.8209971525492854,1.0,1.0,1.0
720.5168949989616,158.85125702007187,2.8328638607556744,1.0,1.0,1.0
140.38749101056646,197.15189020999927,1.1919034723093251,1.0,1.0,1.0
358.59583860869077,134.46125126040604,1.9424611610640588,1.0,1.0,1.0
188.78211457570745,135.90094446402648,0.9751205358945546,1.0,1.0,1.0
427.59858382828855,331.73213917238036,2.1585004250681017,1.0,1.0,1.0
68.11772007359849,267.43322697739114,2.202935520186839,1.0,1.0,1.0
303.0522778990117,193.76897062487544,3.1280596793919204,1.0,1.0,1.0
402.2050230884199,72.66687935286896,1.896653283334472,1.0,1.0,1.0
347.59717685819703,458.6644552031141,3.184160738255146,0.592156862745098,0.01568627450980392,0.01568627450980392
340.5667871419903,278.3663787217982,1.8882661786761143,1.0,1.0,1.0
360.04915744916127,430.10183067986816,1.1500678311554804,1.0,1.0,1.0
106.73113151938384,703.8903824277589,2.2622186469577343,1.0,1.0,1.0
453.81283161082894,461.82046146435056,1.4077909350579985,1.0,1.0,1.0
25.177241200079866,437.6884204773468,3.3228167945608007,1.0,1.0,1.0
678.347717996465,519.9401560520686,1.0929146901867153,1.0,1.0,1.0
580.3424785541437,110.68544394544242,1.900339154975076,1.0,1.0,1.0
362.0752714626656,289.8639657324642,1.3217204112568368,1.0,1.0,1.0
621.3626891462942,338.76003026223486,0.7814922510122162,1.0,1.0,1.0
451.39944258809635,228.76036410152378,3.235423533975666,1.0,1.0,1.0
296.4177582839821,29.956253688623708,2.610985752595942,1.0,1.0,1.0
215.61198927682528,84.12819588688397,2.106897155313324,1.0,1.0,1.0
755.0106763606359,103.42705586298054,3.8058337161939937,1.0,1.0,1.0
655.7847583296409,562.34149310856,3.6292982106482707,1.0,1.0,1.0
258.2673247454141,37.46194576674542,1.4338249422757583,1.0,1.0,1.0
164.2910993173672,169.78380212326735,1.1937934927279907,1.0,1.0,1.0
418.92621975451465,578.2665649168612,2.2009674876671554,1.0,1.0,1.0
431.67679715010723,175.3955971301909,1.8153361294526844,1.0,1.0,1.0
318.3883679645663,59.049264537863394,1.830067076190657,1.0,1.0,1.0
256.6230173306807,359.2982028935522,2.40930800682824,1.0,1.0,1.0
727.6713879335564,153.2060010041335,3.794548268098469,1.0,1.0,1.0
78.56698917722092,383.5887252905147,3.166262476540372,1.0,1.0,1.0
60.96111280327666,380.7192741623586,3.554940418221205,1.0,1.0,1.0
71.27668850913226,661.0614466577335,3.1334257039530433,1.0,1.0,1.0
143.58903200752314,443.13576205893776,3.060250175835873,1.0,1.0,1.0
606.3436548015272,691.2553312546534,2.8571963841994994,1.0,1.0,1.0
391.9198542744004,212.8263355299289,3.6883203628967856,1.0,1.0,1.0
186.05198767650097,493.2354683047827,1.868561505035523,1.0,1.0,1.0
277.1966415177182,632.9393002347985,2.271712809340868,1.0,1.0,1.0
358.3738784335176,426.77867201714037,1.110921235978609,0.7294117647058823,0.3607843137254902,0.3607843137254902
665.12675976755,114.1450194303423,1.7966675087028245,1.0,1.0,1.0
207.83944209670864,620.8320174713165,2.1261264131724262,0.592156862745098,0.01568627450980392,0.01568627450980392
415.5140742216854,495.9292081994316,1.589024216123692,0.592156862745098,0.01568627450980392,0.01568627450980392
349.2423919592492,283.5718246253918,3.032144648002076,1.0,1.0,1.0
290.2666924804993,201.46377283798608,1.536280444604344,0.9647058823529412,0.9647058823529412,0.9647058823529412
138.6612652212262,663.6882394341873,2.3905439546740865,1.0,1.0,1.0
654.1856452118086,18.006307177250147,2.2730159909268686,1.0,1.0,1.0
533.0605809590552,540.8027997948793,3.1397621104553486,1.0,1.0,1.0
493.5910323538537,783.0407758534068,2.1443286652505495,1.0,1.0,1.0
674.6612189736032,598.0941078650186,3.5540682800567454,1.0,1.0,1.0
743.5930221493153,83.03244936856602,1.278472291739292,1.0,1.0,1.0
113.76564639385218,220.00128314753474,2.416766378483086,1.0,1.0,1.0
549.3655093340182,643.7491833549027,3.1961371682994475,1.0,1.0,1.0
141.4657992663558,207.68074425147205,1.6868761558342857,1.0,1.0,1.0
560.1263774739933,331.17500488091764,1.518125309882246,1.0,1.0,1.0
750.1868208203064,740.3865219901198,2.157637121420037,1.0,1.0,1.0
307.02773859028866,349.1005184527491,2.914264932480873,1.0,1.0,1.0
590.6363469919667,36.682888503637194,2.0585908495038017,1.0,1.0,1.0
295.77970057267385,211.99597106491137,1.137565345687991,1.0,1.0,1.0
39.77717946165888,596.8181240389691,2.7845802676686735,1.0,1.0,1.0
232.70001404321442,478.3068115498124,3.081745831938547,1.0,1.0,1.0
2.4419486127524968,127.21235041829652,3.5951502260662385,1.0,1.0,1.0
104.93155684225968,236.6670234022563,1.0131203909981648,1.0,1.0,1.0
755.0976497924621,236.2050774567944,3.5324933657583486,1.0,1.0,1.0
415.1332869074829,28.399103473249593,3.321796291023931,1.0,1.0,1.0
546.8016593485522,380.704653358895,3.638492397427257,1.0,1.0,1.0
659.6116453493164,674.9388598472735,1.3960712079208064,1.0,1.0,1.0
